algo,setting,env,seed,scalar_score,auc_score
PAIL,offline,HalfCheetah-v2,2,0.7958084983539918,0.659396767885137
PAIL,offline,HalfCheetah-v2,3,0.7967161326407302,0.6772386113482213
PAIL-PREF-D,offline,HalfCheetah-v2,2,0.8970350157714538,0.726582020035384
PAIL-QPREF,offline,HalfCheetah-v2,1,0.8246339550155377,0.6463706792275793
PAIL-QPREF,offline,HalfCheetah-v2,2,0.8951501726705741,0.6686808599483047
PAIL-QPREF,offline,HalfCheetah-v2,3,0.814953882370112,0.6468311657515572
PAIL-QPREF,offline,HalfCheetah-v2,5,0.8737214027931713,0.698394872613809
PAIL-TAC-D,offline,HalfCheetah-v2,3,0.8854646247531669,0.6832301262150097
PAIL-TAC-D,offline,HalfCheetah-v2,5,0.9071003925426768,0.7218020571872727
SAIL,offline,HalfCheetah-v2,1,0.6076655298123268,0.5237932682060413
SAIL,offline,HalfCheetah-v2,5,0.6949377805403455,0.5945353171577029
SAIL-PREF-D,offline,HalfCheetah-v2,1,0.9512443404663954,0.735624740413483
SAIL-PREF-D,offline,HalfCheetah-v2,2,0.9421521115740049,0.666108205667119
SAIL-PREF-D,offline,HalfCheetah-v2,3,0.9432579240167145,0.7067012689569803
SAIL-PREF-D,offline,HalfCheetah-v2,4,0.8900086730614801,0.6828099731312366
SAIL-PREF-D,offline,HalfCheetah-v2,5,0.9205130234726963,0.6878502472568327
SAIL-QPREF,offline,HalfCheetah-v2,1,0.6999575726576972,0.5875651132881614
SAIL-QPREF,offline,HalfCheetah-v2,3,0.7040696437392016,0.6190370915729341
SAIL-QPREF,offline,HalfCheetah-v2,4,0.7033464277262369,0.6205938576497257
SAIL-QPREF,offline,HalfCheetah-v2,5,0.7979297035192434,0.6389783518046568
SAIL-TAC-D,offline,HalfCheetah-v2,1,0.8853448238591268,0.5661977029541837
SAIL-TAC-D,offline,HalfCheetah-v2,2,0.9073699258069827,0.6647271936467498
SAIL-TAC-D,offline,HalfCheetah-v2,5,0.8650434702004728,0.6085673911753471
