test,statistic,p_value,significant,effect_size,effect_size_name,mean_diff,mean_a,std_a,mean_b,std_b,n_a,n_b,algo_a,algo_b,env,p_value_raw,p_value_corrected
welch,-6.038658267175352,0.04720474591228565,True,-4.319257348779558,cohen_d,-0.10520197557032474,0.7031390360636685,0.02763042066745232,0.8083410116339932,0.018383064457143793,4,3,SAIL,PAIL,HalfCheetah-v2,0.001815567150472525,0.04720474591228565
welch,0.051158806484903806,1.0,False,0.030297726520162764,cohen_d,0.00976368665870242,0.7031390360636685,0.02763042066745232,0.693375349404966,0.4256352585535291,4,5,SAIL,SAIL-PREF-D,HalfCheetah-v2,0.961627480728725,1.0
welch,-2.593030728315842,1.0,False,-3.4324364448343734,cohen_d,-0.2130176523862436,0.7031390360636685,0.02763042066745232,0.916156688449912,0.11452313081114454,4,2,SAIL,SAIL-TAC-D,HalfCheetah-v2,0.22301983232294553,1.0
welch,0.9237552371944278,1.0,False,0.5856198272546741,cohen_d,0.014310547962167575,0.7031390360636685,0.02763042066745232,0.6888284881015009,0.009912924155118718,4,2,SAIL,SAIL-QPREF,HalfCheetah-v2,0.4084266400647181,1.0
welch,-10.827387667370024,0.0013116249184643499,True,-7.656119242132939,cohen_d,-0.1936116857605975,0.7031390360636685,0.02763042066745232,0.896750721824266,0.02270628076181859,4,4,SAIL,PAIL-PREF-D,HalfCheetah-v2,4.68437470880125e-05,0.0013116249184643499
welch,,,False,,none,,,,,,0,0,SAIL,PAIL-TAC-D,HalfCheetah-v2,,
welch,-4.464130983767921,0.39606917887711146,False,-3.875057277830956,cohen_d,-0.10721961114698142,0.7031390360636685,0.02763042066745232,0.8103586472106499,0.02778508611789276,4,2,SAIL,PAIL-QPREF,HalfCheetah-v2,0.04400768654190127,0.39606917887711146
welch,0.6030335916244355,1.0,False,0.33065397243856165,cohen_d,0.11496566222902715,0.8083410116339932,0.018383064457143793,0.693375349404966,0.4256352585535291,3,5,PAIL,SAIL-PREF-D,HalfCheetah-v2,0.5788193812890544,1.0
welch,-1.3200954740248416,1.0,False,-1.5901497427106286,cohen_d,-0.10781567681591886,0.8083410116339932,0.018383064457143793,0.916156688449912,0.11452313081114454,3,2,PAIL,SAIL-TAC-D,HalfCheetah-v2,0.40726093846450645,1.0
welch,9.396210134803301,0.06487810471475625,False,7.4398510134926195,cohen_d,0.11951252353249231,0.8083410116339932,0.018383064457143793,0.6888284881015009,0.009912924155118718,3,2,PAIL,SAIL-QPREF,HalfCheetah-v2,0.00259512418859025,0.06487810471475625
welch,-5.688606601379713,0.014894402039626636,True,-4.193284663977542,cohen_d,-0.08840971019027277,0.8083410116339932,0.018383064457143793,0.896750721824266,0.02270628076181859,3,4,PAIL,PAIL-PREF-D,HalfCheetah-v2,0.002482400339937773,0.014894402039626636
welch,,,False,,none,,,,,,0,0,PAIL,PAIL-TAC-D,HalfCheetah-v2,,
welch,-0.09035335773557487,1.0,False,-0.09184093592185276,cohen_d,-0.0020176355766566845,0.8083410116339932,0.018383064457143793,0.8103586472106499,0.02778508611789276,3,2,PAIL,PAIL-QPREF,HalfCheetah-v2,0.9380006138232604,1.0
welch,-1.0769693937998326,1.0,False,-0.5799642772079052,cohen_d,-0.22278133904494601,0.693375349404966,0.4256352585535291,0.916156688449912,0.11452313081114454,5,2,SAIL-PREF-D,SAIL-TAC-D,HalfCheetah-v2,0.33132265220914625,1.0
welch,0.023870683482702063,1.0,False,0.011942621625022307,cohen_d,0.004546861303465155,0.693375349404966,0.4256352585535291,0.6888284881015009,0.009912924155118718,5,2,SAIL-PREF-D,SAIL-QPREF,HalfCheetah-v2,0.9820961756710278,1.0
welch,-1.0665339102698779,1.0,False,-0.6314177718621886,cohen_d,-0.20337537241929993,0.693375349404966,0.4256352585535291,0.896750721824266,0.02270628076181859,5,4,SAIL-PREF-D,PAIL-PREF-D,HalfCheetah-v2,0.34588355714158553,1.0
welch,,,False,,none,,,,,,0,0,SAIL-PREF-D,PAIL-TAC-D,HalfCheetah-v2,,
welch,-0.6113221679252366,1.0,False,-0.30712138488630697,cohen_d,-0.11698329780568384,0.693375349404966,0.4256352585535291,0.8103586472106499,0.02778508611789276,5,2,SAIL-PREF-D,PAIL-QPREF,HalfCheetah-v2,0.5733813788615592,1.0
welch,2.796753719357536,1.0,False,2.796753719357536,cohen_d,0.22732820034841117,0.916156688449912,0.11452313081114454,0.6888284881015009,0.009912924155118718,2,2,SAIL-TAC-D,SAIL-QPREF,HalfCheetah-v2,0.21562876598518715,1.0
welch,0.2373178552367156,1.0,False,0.32052700413903296,cohen_d,0.019405966625646087,0.916156688449912,0.11452313081114454,0.896750721824266,0.02270628076181859,2,4,SAIL-TAC-D,PAIL-PREF-D,HalfCheetah-v2,0.850511455631169,1.0
welch,,,False,,none,,,,,,0,0,SAIL-TAC-D,PAIL-TAC-D,HalfCheetah-v2,,
welch,1.269637304274032,0.4075811000035042,False,1.269637304274032,cohen_d,0.10579804123926217,0.916156688449912,0.11452313081114454,0.8103586472106499,0.02778508611789276,2,2,SAIL-TAC-D,PAIL-QPREF,HalfCheetah-v2,0.4075811000035042,0.4075811000035042
welch,-15.583255948457218,0.00010142667183055277,True,-10.25295573599145,cohen_d,-0.20792223372276508,0.6888284881015009,0.009912924155118718,0.896750721824266,0.02270628076181859,2,4,SAIL-QPREF,PAIL-PREF-D,HalfCheetah-v2,0.00010142667183055277,0.00010142667183055277
welch,,,False,,none,,,,,,0,0,SAIL-QPREF,PAIL-TAC-D,HalfCheetah-v2,,
welch,-5.8259974794125045,0.07404478673408396,False,-5.8259974794125045,cohen_d,-0.121530159109149,0.6888284881015009,0.009912924155118718,0.8103586472106499,0.02778508611789276,2,2,SAIL-QPREF,PAIL-QPREF,HalfCheetah-v2,0.07404478673408396,0.07404478673408396
welch,,,False,,none,,,,,,0,0,PAIL-PREF-D,PAIL-TAC-D,HalfCheetah-v2,,
welch,3.8072618912634124,0.07917193872341541,False,3.5882128178695085,cohen_d,0.08639207461361609,0.896750721824266,0.02270628076181859,0.8103586472106499,0.02778508611789276,4,2,PAIL-PREF-D,PAIL-QPREF,HalfCheetah-v2,0.07917193872341541,0.07917193872341541
welch,,,False,,none,,,,,,0,0,PAIL-TAC-D,PAIL-QPREF,HalfCheetah-v2,,
